[{"title":" إلهي استجب لي أوان الدعا","formated":true,"verses":[["إلهي استجِب لي أوانَ الدعا وصيِّر طريقي رحيبْ ترأف عليّ استمع طلبتي فأنت السميع المجيبْ"],["أيا أيها الناس حتى متى تحبون قول الكذبْ إلهي ميَّز أهلَ التُّقى متى أدعُهُ يستجبْ"],["لرب المراحم قوموا اذبحوا ذبائحَ بر لديهْ تعالَوا إليه معاً بادروا بحسنِ اتكالٍ عليهْ"],["يقول كثيرون من يا تُرى نرى منه خيراً عظيمْ إلهي بنور رضاك أنِرْ علينا فأنت الحليمْ"],["جعلت بقلبي سروراً سما يدوم بطول الحياهْ يفوق مسرة أهل الخَطا بكثرة مالٍ وجاهْ"],["بظل الإله العلي أحتمي بسترك ربي أنامْ لأنك تُسكنُني هادئاً بكل هنا وسلامْ"]]},{"title":"3 16","formated":true,"chorusFirst":true,"chorus":["هكذا أحب الله أحب الله العالم\nواللي بيؤمن ويجيله ما يهلكش أبدا"],"verses":[["محبة هو اسمه والحب هو الله\nبذل نفسه علشانك\nده في حبه نجاة و حياة"],["ده يسوع بيحبك جدا روح له\nالعمر بيفوت ماطلبش تموت علشانه\nهو اختار إنه يموت"],["مهما كانت شرورك بتوبة انده عليه\nصدقني هايفغرلك زي ما هو غفر لي"],["ده وعد بحياة أبدية للي بيآمن بيه\nوهيضمنلك مصيرك ده مش سر بيخبيه"]]},{"title":"38 سنة مطروح","formated":true,"chorus":["(ومن ساعتها و (انا مسرور)\nيسوع ماسكنى (وماشى فى النور)2","(خلينى معاك عل طول يافاديا\nمتسيبنيش ابدا وحدي)2"],"verses":[["(38 سنة مطروح (انا مطروح)\nجسدى مفلوج (وفؤادى مجروح)2","(قلت ليسوع انت مفيش غيرك\nقالى قوم واحمل سريرك)2"],["(انا مولود (فى الدنيا دى اعمى)\nلاشفت النور (ولا دقت النعمة)2","(جالى يسوع احسن الى\nوبايدة الحلوة فتح لى عنيى)2","(انا كنت خاطى (مجرم واثيم)\nلابرحم ارملة (ولا يتيم)2","(قلت ليسوع انا انا حبيتك\nقالى اليوم هاتعشى فى بيتك)2"]]},{"title":"365 يوم","verses":[["365 يوم 365 ليل والمحبه تتدفق كل يوم والعنايه تترفق كل ليل","يا مسيحي أنت لي نور وظل ترشدني تحملني لا تكل","إن خطاي تتعثر أو تزل أنت دوما تشفع لا لن تمل","إذ يزيد المال عندي أو يقل فابتهاجي بك دوما سيظل","وقريبا سوف تأتي من علاك وقريبا ذلك اليوم يهل","366 يوم\n366 ليل"]]},{"title":"amazing grace","formated":true,"verses":[["Amazing grace (how sweet the sound)\nthat saved a wretch like me!","I once was lost, but now am found,\nwas blind, but now I see."],["'Twas grace that taught my heart to fear,\nand grace my fears relieved;","how precious did that grace appear\nthe hour I first believed!"],["Through many dangers, toils and snares\nI have already come:","'tis grace has brought me safe thus far,\nand grace will lead me home."],["The Lord has promised good to me,\nhis word my hope secures;","he will my shield and portion be\nas long as life endures."],["Yes, when this flesh and heart shall fail,\nand mortal life shall cease:","I shall possess, within the veil,\na life of joy and peace."],["The earth shall soon dissolve like snow,\nthe sun forbear to shine;","but God, who called me here below,\nwill be forever mine"]]},{"title":"deep deep deep","verses":[["Deep, deep, deep as the sea,\nHigh, high, high as the sky,","Wide, wide, wide as the ocean blue,\nIs Jesus' love for you and me","It's just deep, deep, deep as the sea,\nHigh, high, high as the sky,","Wide, wide, wide as the ocean blue,\nIs Jesus' love for you"]]},{"title":"deep deep oh deep down down","verses":[["Deep, deep, oh, deep down down\nDeep down in my heart.\nDeep, deep, oh, deep down down\nDeep down in my heart.","Do you love my Jesus?\ndeep down in my heart\nYes! I love my Jesus\nDeep down in my heart"]]},{"title":"feliz navidad","verses":[["Feliz Navidad","Próspero año y felicidad","I wanna wish you a merry Christmas","From the bottom of my heart"]]},{"title":"happy birthday","verses":[["Happy birthday to You","Happy birthday to you esos","عيد ميلاد سعيد عيد ميلاد مجيد","عيد ميلاد فادينا هو أعظم عيد","يوم عيد ميلادك ألبس إيه يا يسوع","توب التواضع والوداعة والخشوع","وسط الحملان على العيدان","مولود يسوع لابس قمطان","يا ترى كام شمعة أنورهم لك يا صغير","لكني لقيت عمرك أكبر من كده بكتير"]]},{"title":"hark the herald angels sing","verses":[["Hark the herald angels sing\nGlory to the new-born King","Peace on earth and mercy mild\nGod and sinners reconciled","Joyful, all ye nations, rise\nJoin the triumph of the skies","With the angelic host proclaim\nChrist is born in Bethlehem","Hark the herald angels sing\nGlory to the new-born King","Christ, by highest heaven adored\nChrist, the everlasting Lord","Late in time behold him come\nOffspring of the Virgin's womb","Veiled in flesh the Godhead see\nHail the incarnate Deity","Pleased as man with man to dwell\nJesus, our Emmanuel","Mild he lays his glory by\nBorn that man no more may die","Born to raise the sons of earth\nBorn to give them second birth","Risen with healing in his wings\nLight and life to all he brings","Hail, the Sun of Righteousness\nHail, the heaven-born Prince of Peace","Hail the Heaven-born Prince of Peace\nHail the Son of Righteousness","Light and life to all He brings\nRisen with healing in His wings","Mild He lay His glory by\nBorn that man no more may die","Come Desire of Nations come\nFix in us thy humble home","Rise, the woman's conquering Seed\nBruise in us the serpent's head","Adam's likeness now efface\nStamp thine image in its place"]]},{"title":"into my heart","verses":[["Into my heart&#44; into my heart&#44;\nCome into my heart&#44; Lord Jesus&#59;\nCome in today&#44; come in to stay&#59;\nCome into my heart&#44; Lord Jesus.","Out of my heart&#44; out of my heart&#44;\nShine out of my heart&#44; Lord Jesus&#59;\nShine out today&#44; shine out alway&#59;\nShine out of my heart&#44; Lord Jesus."]]},{"title":"isa masih","verses":[["Ji hezar sa‍‍lan û vir de\nhemû mi-rov jar û birîn-dar","Ji Adem û Hawa û vir de\nEm guneh-kar in û kole-dar","Îsa Mesîh yarê min e\nÎsa Mesîh dostê min e\nÎsa Mesîh Xûdanê min e\nÎsa Mesîh xilas -karê mi‍‍n e","Îsa Mesîh hat dinya‍‍yê,\nji bona me canê xwe da.\nDest û lingên wî qul ki‍‍rin,\nEm xilas bûn ji gunehên xwe","Îsa Mesîh yarê min e\nÎsa Mesîh dostê min e\nÎsa Mesîh Xûdanê min e\nÎsa Mesîh xilas -karê mi‍‍n e"]]},{"title":"jesus in the morning","verses":[["Jesus, Jesus,\nJesus in the morning,\nJesus at the noon time;\nJesus, Jesus,\nJesus when the sun comes down!","Praise Him, praise Him,\nPraise Him in the morning,\nPraise Him at the noon time;\nPraise Him, praise Him,\nPraise Him when the sun comes down!","Love Him, love Him,\nLove Him in the morning,\nLove Him at the noon time;\nLove Him, love Him,\nLove Him when the sun comes down!","Serve Him, serve Him,\nServe Him in the morning,\nServe Him at the noon time;\nServe Him, serve Him,\nServe Him when the sun comes down!","Thank Him, thank Him,\nThank Him in the morning,\nThank Him at the noon time;\nThank Him, thank Him,\nThank Him when the sun comes down!","Jesus, Jesus,\nJesus in the morning,\nJesus at the noon time;\nJesus, Jesus,\nJesus when the sun comes down!","Jesus with us all day long!"]]},{"title":"jingle bells","formated":true,"chorus":["Jingle Bells, Jingle Bells,\nJingle all the way!\nOh, What fun it is to ride\nIn a one horse open sleigh\nJingle Bells, Jingle Bells,\nJingle all the way!\nOh, What fun it is to ride\nIn a one horse open sleigh"],"verses":[["Dashing through the snow\nOn a one horse open sleigh\nO'er the fields we go,\nLaughing all the way\nBells on bob tail ring,\nmaking spirits bright\nWhat fun it is to laugh and sing\nA sleighing song tonight"],["A day or two ago,\nI thought I'd take a ride,\nAnd soon Miss Fanny Bright\nWas seated by my side;\nThe horse was lean and lank\nMisfortune seemed his lot\nWe got into a drifted bank,\nAnd then we got upsot"],["Now the ground is white\nGo it while you're young\nTake the girls tonight\nAnd sing this sleighing song\nJust get a bob tailed bay\ntwo-forty as his speed\nHitch him to an open sleigh\nAnd crack! you'll take the lead"]]},{"title":"joy to the world","verses":[["Joy to the World; the Lord is come\nLet earth receive her King","Let ev'ry heart prepare Him room,\nAnd Heaven and nature sing","Joy to the earth, the Saviour reigns\nLet men their songs employ;","While fields & floods, rocks, hills & plains\nRepeat the sounding joy","No more let sins and sorrows grow,\nNor thorns infest the ground;","He comes to make his blessings flow\nFar as the curse is found","He rules the world with truth and grace,","And makes the nations prove\nThe glories of His righteousness,\nAnd wonders of His love"]]},{"title":"mary did you know","verses":[["Mary, did you know that your baby boy\nWould one day walk on water","Mary, did you know that your baby boy\nWould save our sons and daughters","Did you know that your baby boy\nHas come to make you new","This child that you delivered, will soon deliver you","Mary, did you know that your baby boy\nWould give sight to a blind man","Mary, did you know that your baby boy\nWould calm the storm with his hand","Did you know that your baby boy\nHas walked where angels trod","When you kiss your little baby\nYou kiss the face of God","Mary, did you know\nMary, did you know","Mary, did you know Did you know\nMary, did you know Mary, did you know","Mary, did you know Mary, did you know\nMary, did you know Mary, did you know","The blind will see, the deaf will hear\nThe dead will live again","The lame will leap, the dumb will speak\nThe praises of the Lamb","Mary, did you know that your baby boy\nIs Lord of all creation","Mary, did you know that your baby boy\nWould one day rule the nations","Did you know that your baby boy\nIs heaven's perfect Lamb","That sleeping child you're\nHolding is the great, I Am","Mary, did you know Mary, did you know","Mary, did you know Mary, did you know\nMary, did you know Oh"]]},{"title":"o come let us adore him","verses":[["O come all ye faithful\nJoyful and triumphant","O come ye, o come ye to Bethlehem\nCome and behold Him\nBorn the King of Angels","O come let us adore Him\nO come let us adore Him","O come let us adore Him\nChrist the Lord","O come all ye faithful\nCome let us adore Him","O come all ye faithful\nCome let us adore Him","Sing choirs of angels\nSing in exultation","Sing all ye citizens of heav'n above\nGlory to God\nGlory in the highest","O come let us adore Him\nO come let us adore him","O come let us adore Him\nChrist the Lord","O come all ye faithful\nCome let us adore Him","O come all ye faithful\nCome let us adore Him","O sing hallelujah\nCome let us adore Him","O sing hallelujah\nCome let us adore Him","Yes Lord, we greet Thee\nBorn this happy morning","Jesus to Thee be all glory giv'n\nWord of the Father\nNow in flesh appearing","O come let us adore Him\nO come let us adore him","O come let us adore Him\nChrist the Lord","O come all ye faithful\nCome let us adore Him","O come all ye faithful\nCome let us adore Him","O sing hallelujah\nHe alone is worthy","O sing hallelujah\nHe alone is worthy"]]},{"title":"sana bakıyorum rabbim","verses":[["sana bakıyorum rabbim\nsana bakıyorum rabbim\nsana bakıyorum rabbim\narkama bakmadan","izlerim yolunu rabbim\nizlerim sevinçle rabbim\nizlerim durmadan rabbim\narkama bakmadan","seni seviyorum rabbim\nseni seviyorum rabbim\nseni seviyorum rabbim\narkama bakmadan","severim huzurunu rab\nseverim dostluğunu rab\nseverim durmadan rabbim\narkama bakmadan","seni bekliyorum rabbim\nseni bekliyorum rabbim\nseni bekliyorum rabbim\nruhunla dolayım","severim gelişini rab\nözlerim gelişini rab\nhazırla beni ey rabbim\nseninle olayım"]]},{"title":"silent night","verses":[["Silent night, holy night\nAll is calm, all is bright","Round yon Virgin Mother and Child\nHoly Infant so tender and mild","Sleep in heavenly peace\nSleep in heavenly peace","Silent night, holy night\nShepherds quake at the sight","Glories stream from heaven afar\nHeavenly hosts sing Alleluia","Christ, the Saviour is born\nChrist, the Saviour is born","Silent night, holy night\nSon of God, love's pure light","Radiant beams from Thy holy face\nWith the dawn of redeeming grace","Jesus, Lord, at Thy birth\nJesus, Lord, at Thy birth","Silent night, holy night\nAll is calm and all is bright","Round yon Virgin Mother and Child\nHoly Infant so tender and mild","Sleep in heavenly peace\nSleep in heavenly peace"]]},{"title":"twas in the moon of wintertime","verses":[["'Twas in the moon of wintertime\nWhen all the birds had fled\nThat mighty Gitchi Manitou\nSent angel choirs instead","Before their light the stars grew dim\nAnd wond'ring hunters heard the hymn:","Jesus, your King, is born;\nJesus is born!\nIn excelsis gloria!","Within a lodge of broken bark,\nThe tender Babe was found\nA ragged robe of rabbit skin\nEnwrapped His beauty round","And as the hunter braves drew nigh,\nThe angel song rang loud and high:","Jesus, your King, is born;\nJesus is born!\nIn excelsis gloria!","O children of the forest free,\nO you of Manitou\nThe Holy Child of earth and heav'n\nIs born today for you","Come kneel before the radiant Boy\nWho brings you beauty, peace and joy:","Jesus, your King, is born;\nJesus is born!\nIn excelsis gloria!"]]},{"title":"what child is this","verses":[["What child is this\nWho's laid to rest\nOn Mary's lap is Sleeping","Whom angels greet with anthems sweet\nWhile shepherd's watch are keeping","This this is Christ the King\nWhom shepherds guard and angels sing","Haste haste\nTo bring him, Lord\nThe babe, the son of Mary","Why lies He in such mean estate\nWhere ox and ass are feeding","Good Christians, fear, for sinners here\nThe silent Word is pleading","Nails, spear shall pierce Him through\nThe cross be borne for me, for you","Hail, hail the Word made flesh\nThe Babe, the Son of Mary","So bring Him incense, gold and myrrh\nCome peasant, king to own Him","The King of kings salvation brings\nLet loving heart enthrone Him","Raise, raise a song on high\nThe virgin sings her lullaby","Joy, joy for Christ is born\nThe Babe, the Son of Mary"]]},{"title":"آبا","verses":[["أوه انت تحفظنا\nأوه انت تقودنا\nأوه آبا مليكنا","في الحروب تحامي عنا\nفي المسير تكون معنا\nآبا الآب يا مليكنا","آبا آبا آبا يا مليكنا\nملك ملك ملك على أرضنا","أهيه أهيه أهيه إيلوهيم\nليس مثلك عظيم\nآبا يا أبي"]]},{"title":"آبار مشققة","verses":[["دي آبار مشققه دي آبار مافيهاش مياه","لكن يا يسوع في نبعك ميه بتوهب حياه","ونسيبك ليه بقى وإنت يا يسوع إله","بالخير بتروي شعبك وبتغفر للخطاه","يا يسوع كام ألف مره عدينا بوقت صعب","وشربنا ميه مره علشان سبناك يا رب","وبنرجع لك نلاقي حبك يا إلهنا باقي","بتقول ليكوا إشتياقي وف حضنك نهر عذب","يا يسوع صخرة حياتنا قادر تملاها زرع","قادر لو يوم عطشنا تخرج م الصخرة نبع","على طول سهران علينا مشغول يا إلهنا بينا","وإيديك تلمس عينينا وبتمسح أي دمع"]]},{"title":"آتي إليك","verses":[["آتي إليك ربي إليك نحو قدس أقداسك","آتي غليك بحملي عليك كطفل أبدو بين يديك","آتي إليك واثقا فيك فأنت دوما سندي","آتي إليك ربي إليك فحبك هو لذتي","ما أحلى ربي حضورك ينعش نفسي فأطلق","ينبغي أن تزيد وأنا أنقص المزيد","فكل ما في حقا يريد أن يرى مجدك العجيب"]]},{"title":"آتي إليك يا رب آتي","formated":true,"chorus":["آتي إليك يا ربُ آتي\nأنت حبيبي نورُ حياتي"],"verses":[["إليك آتي يا يسوع\nتملأُ عيني الدموع\nفارفعن عني الأحزان\nواشفِ لي القلب الموجوع"],["إليك آتي يا حنان\nتملأن قلبي أمان\nفيك أنت كل سلامي\nتحمي من ظلم الإنسان"],["إليك آتي يا حبيب\nترفعن همي المذيب\nفالهناءَ قد صنعت\nلي على عود الصليب"],["إليك آتي يا قدوس\nفي ظلك أبغي الجلوس\nأهدأ بين يديك\nويلذ لي المكوث"]]},{"title":"آتي إليك يا فادي حياتي","formated":true,"chorus":["فيلذ لك نشيدي\nوأنا أفرح بك"],"verses":[["آتي إليك يا فادي حياتي\nيا من تزيل كل خوفي\nآتي إليك يا نجاتي\nيا رافعي من كل ضعفي","إليك يا مانح الغفران\nأرفع نشيدي\nإذ قلتَ لذتي في الإنسان\nأعطيتَ معنًى لوجودي"],["آتي إليك يا حبيبي\nأنسيتني كلَّ ماضيّ\nبانتصار شخصك\nفي حياتي لا عبوديه","إليك يا مانح السلام\nأطلب حضورَكَ\nالحيّ في داخلي الآن\nوسلطانَ روحِكَ"]]},{"title":"آتي اليك يا يسوعي","formated":true,"chorus":["آتي إليك آتي إليك\nأنا آتي إليك","وانا ليَّ مين غيرك\nوأروح لمين غيرك\nأنا آتي إليك"],"verses":[["(آتي إليك يا يسوعي\nأنتَ المريح\nآتي إليك بدموعي\nوبقلب جريح)2"],["(آتي إليك يا حبيبي\nيا أعز ّ حبيب\nآتي إليك بذنوبي\nعند الصليب)2"],["(آتي إليك يا راعيَّ\nفي كل الظروف\nإن سرتُ حتى في الوادي\nلا يوجد خوف)2"],["(آتي إليك فكرسني\nوامسح شفتيّ\nواملاني بروح الطاعه\nوقد خُطاي)2"],["(آتي اليك ارفعني\nفوق الضعفات\nآتي اليك احميني\nمن حب الذات)2"]]},{"title":"آتي عند قدميك","formated":true,"chorus":["ارفع قلبي لك\nواثقا في حبك\nمؤمنا بانك\n(نبع صبري كل ان)2"],"verses":[["اتي عند قدميك\nاسكب النفس لديك\nطالبا ربي اليك\nكي يمر الامتحان"],["لو احاطت بي الهموم\nوطمت فوقي الغيوم\nانت شمسي ستدوم\nرغم اهوال الزمان\n\n3\nلو جفاني الاصدقاء\nوانتهى عهد الوفاء\nفيك لي كل الرجاء\nوالعزاء الحنان"],["عند ضعفي والفتور\nعند تانيب الضمير\nاذرف الدمع الغزير\nاطلب حصن الامان"]]},{"title":"آتيك محملا","formated":true,"verses":[["آتيك مُحملاً بالموت\nيحملني إليك الإيمان\nوأجرجر أذيال خيبتي\nفبخيمتي عبث الشيطان"],["وأمام صليبك تحضرني\nالنعمة والدم يغسلني\nتقترب كنور تسكنني\nأسكنك فأحيا وأغني"],["أتحول إلي رجل آخر\nإلي ترجمة فورية\nأتحول إلي نقش فاخر\nكالأناجيل اللحمية"],["فالقلب الحجري تباعد\nفور الدفن مع ماضيَّ\nوالقلب اللحمي الساجد\nيعلن أن يسوع فاديَّ"]]},{"title":"آتيك يا أبتاه","verses":[["آتيك يا أبتاه بإسم ذا الفادي المحبوب\nضمان حقي في شفاعة المصلوب","ما لي سواك إله أبدي شكواي\nقلبي إليك ربي صلاه ها نحوك عيناي","أبتاه أنت تدري أمري وأحوالي\nفأنظر بعطفك لي ففيك أمالي","لست أدري ماذا أقول فأنت تدري بي\nآتي إليك بكل حمول تعال عزيني","كلي ها إني رجاك شجعن إيماني\nقلبي داب في عمقي من شدة ما به","أسرعن لي أبتي بصدرك الحنان\nطمئنني يا آبتي في حضنك الأمان","أشدو لك أبتاه فأعني من قلبي\nالقلب أنت ضياه ملجأه ياربي","أزلت لي كل الشرور غسلت أدراني\nما أحلى حبك الحنون يملأ لي أزماني"]]},{"title":"آخذا صورة عبد","formated":true,"chorus":["ذا رجلُ الأوجاعِ مُختبِرُ الأحزانِ\nمجدًا له نراهُ\nمكللاً بالمجدِ فوقَ ذرى الأكوانِ\nيسوعْ"],"verses":[["آخذًا صورةَ عبدٍ\nصائرًا في شِبهِنا\nهكذا ابنُ اللهِ أخلى\nنفسَهُ من أجلِنا","تاركًا مجدَ السماءِ\nساكنًا أرضَ العنا\nواضعًا نفسَهُ طوعًا\nلفداءِ المُقتنى"],["كان مرآهُ رهيبا\nمُفسدًا دون الورى\nوهو كالجاني يساق\nبعدَ جلدٍ وازدرا","ثمَّ مثقوبَ اليدينِ\nدمُهُ الغالي جرى\nغاسلاً عنا الخطايا\nمانحًا مجدَ الذُّرى"],["كيف مذلولاً مهانا\nبيننا الربّ بدا\nفي عيونِ العابرينَ\nمستحقًا للردى","وهو مجروحٌ لإثمي\nقابلاً عار الفدى\nشافعا في من أحبَّ\nبخلاصٍ للمدى"]]},{"title":"آخر لحظة","verses":[["سبت أنا كفني في قبري خلاص مش هارجع أموت وإنت حييتني","عدى كتير وأنا ناسي ياربي إن بدمك إنت فديتني","آخر لحظة يأس في عمري ودعتها وقابلت عينيك","مش باكي على حاجة في عمري غير اللي ماعشتوش حواليك","ارمي عشاني في بحر أثامي طوق أمسك فيه وتنجيني","اهدي خطايا وكون ويايا من شر العالم خبيني","باصرخ ليك وأنا مادد إيدي عايز أعيش الفرحة معاك","تملى حنايا القلب يا سيدي دوقني ع الأرض سماك"]]},{"title":"آدم تاني","verses":[["خلصني يا رب وقويني من شر خطيتي\nنجيني","عارف إنك راح تسمعني وبقوة عظيمة هتحميني","لما أكلت بإيدي من شجرة قلت\nلي ابعد عنها بلاش","حزنك كان على قلبي القاسي اللي خوفك فيه\nمابقاش","يا ريتني كنت سمعت كلامك أما الحية ماسمعتهاش","ما باقتش أشوفك ولا أسمع صوتك وأنا عنك متحاش","فضلت أنا مستني وعودك وفرحت لما شفت إسحاق","وقلت إنك هتنجيني مهما اتغيرت الأسماء","موسى وعصا مليانة بقوة قوة تحرر شعب حزين","بس أنا قلبي حجري يا ربي مش بسهولة كده\nهايلين"]]},{"title":"آدم وينك","verses":[["أدم أدم وينك يا إبني حبيبي قولي وينك يا ملون أيامي برفقتك","أدم يا نبضة قلب حبك وينك رايح بالغربه موشح ناسي بيك الحضن اللي ضمك تارك حالك","أدم وينك عم بصرخ لوجعك ع العتمه ناطر","رجعتك أدم يا بني وينك تاركني مشرد معك إيدي بتفتش عنك تتسمر ع خشبه لإسمك وأصرخ بعد م السما","أدم أدم وينك هون أنا هون ناطر يا بيي هون","مشلش بالموت من اول الكون مشتاق إلك يا بيي","شو به من ها الغربه غير وجك يا بيي بيكحل عيني بيردني إلك","ابن مكلل بالغار غافي ع دقات قلبك البار","يا بيي ابنك أدم هون بالموت رجعني إلك حبيبي وينك","أدم يا نبضة قلب حبك أدم إيدي عم تلمس إيدك يا مفرح أيامي برجعتك"]]},{"title":"آدي حياتنا","verses":[["يلا يا صحبي يلا يا أصحابي نحضر مع بعض القداس\nحلو يسوعي حلوه كنيستي حلوه صلاتنا ويا الناس","ما إحنا إمبارح روحنا لأبونا وأبونا أخد إعترافاتنا\nوإدانا حل عشان نتناول ونسلم لفادينا حياتنا","وأحنا كمان في البيت هنصلي ونرنم أحلى الترانيم\nوها نقرأ في إنجيلنا تملي عهد جديد أو عهد قديم","آدي حياتنا ويا يسوعنا بيه نتعلم حبه بحبه\nإزاي قلب يسوع بيساعد لما تكون في بينا محبه"]]},{"title":"آدي سنة","formated":true,"verses":[["آدي سنه من السنين\nفاتت وانا كلي أنين\nوالرب جاني ومد إيده","قال لي تعال ها تروح لمين\nها غفر لك ذنبك وهافرح قلبك\nوافضل بجانبك طول السنين"],["وليه ما اعيشّي أيام سعيده\nوابدأ حياتي حياه جديده\nوسنيني إللي فاتت أنساها","أنسى ماضيها وكل ما فيها\nوأعيش لربي من كل قلبي\nيفضل بجانبي طول السنين"],["يا ريتني أندم على اللي عملته\nمن فكر وعمل وكلام قلته\nأنظر لربي أصرخ من قلبي","ما كنتش عارفه دلوقتي عرفته\nيغفر لي ذنبي ويطهر قلبي\nيفضل بجانبي طول السنين"]]},{"title":"آدي قلبي","formated":true,"chorus":["(اقبلني ارحمني\nارفعني إليك\nتوبني علمني\nاسندني بإيديك)2"],"verses":[["(آدي قلبي اللي اتعوِّد ينسى\nراجع للأحضان\nراجع أنا م الخوف والقسوة\nقلبي ليك عطشان)2"],["(حبك ليَّ حب حقيقي\nقلبك بيه مليان\nياما سامحتني وأنا في طريقي\nمهما بأكون غلطان)2"],["(عمري قضيته كتير في مواجع\nتحكيها الدموع\nلكن عدت لنفسي وراجع\nمحتاج لك يا يسوع)2"],["(وأنا في بعادي تاه المرسى\nوقلبي ما ارتواش\nوإيه في العالم ممكن يسوى\nلحظه معاك تتعاش)2"]]},{"title":"آسف","verses":[["لما بعمل غلطه كبيره شو لازم قول :أسف","ولما بعمل غلطه زغيرة شو لازم قول :آسف","أسف عالكبيره وآسف عالزغيره","والغلطه بتبقى غلطه وبدا كلمة آسف"]]},{"title":"آسف حاضر شكرا","verses":[["آسف حاضر شكرا هم يا دوب 3 كلمات","قولهم تبقى فعلا فيك أحلى صفات","لما في يوم تغلط في حد أو تعمل حاجة تضايق","قول آسف وقولها بجد هدي أعصابك خليك رايق","لما تغلط وكمان تعند كلمة آسف ما بتقولهاش","تلقى صاحبك عنك يبعد روح اتأسف له ما تنساش","قول حاضر لما تسمع نصيحة من حد كبير","لازم تتعلم تخضع والناس تلقى فيك تغيير","تكذب فكرك إنك شاطر بابا يقول إنت غلطان","لازم تسمع وتقول حاضر صلي واطلب الغفران","والرب يسوع بيفكرنا نشكر لما ناخد حاجة","وكمان هو بيعلمنا ندي للناس المحتاجة","لازم نفتكر دايما ربنا عطاياه كتير","قول له ياربي شكرا بكل حب وتقدير"]]},{"title":"آسف لأني ماقولتش لأ","formated":true,"chorus":["رَجَّعْنِي لِيكْ مِنْ تَانِي اخْتَارْ\nتكُونْ إِلَهِي طُول الْمِشْوَارْ\nوَآخُد قَرَارْ مِنْ كِلْمِتَكْ\nوَاعِيشْ وَلَوْ ضِدّ التَّيَّارْ"],"verses":[["آسِفْ لأَنِّي مَا قُلْتِشْ لأ\nعَلَى كُلّ مَرَّه انَا بِعْت الْحَقّ\nوِنسِيتْ مَكَانِي ورجِعْت تَانِي\nولِلْخَطِيَّه أنَا قَلْبِي رَقّ"],["آسِفْ لأَنِّي عرِفْت زَمَانْ\nإِنَّكْ شَايِفْنِي في كُلّ مَكَانْ\nوكُنْت بَاغْلَطْ كِتِيرْ وَالَخْبَطْ\nوِكَأَنُّه كُلُّه زَيّ مَا كَانْ"],["عَايِزْ أَعِيشْ لَكْ زَيّ دَانيآلْ\nيَا رَبِّي وَابْقَى من الأَبْطَالْ\nوِانْ كَانْ فِي ضَلْمَه أَوْ وِسْط لَمَّه\nوَاخِدْ قَرَارِي ومَا فِيش فِصَالْ"],["عَايزَكْ تكُونْ إِنْتَ الأَسَاسْ\nفِي حَيَاتِي يَا يَسُوعْ وِالْمِقْيَاسْ\nفِي الْحِكْمَه أَنْمُو وفِي النِّعْمَه أَنْمُو\nوفِي الْقَامَه عِنْد الله وِالنَّاسْ"]]},{"title":"آسف وباعلن بالندم أسفي","verses":[["آسف وباعلن بالندم أسفي","على كل مرة بعدت عن هدفي","كان الهدف إنك تملك حياتي ودنيتي","تملك لساني وكلمتي تملك دموعي وفرحتي","وإنت اللي ترسم بالأمل مشوار حياتي وسكتي","لكن حصل غير اللي كان أملي","غير اللي كان هدفي غير اللي كان ساكن ضميري ودنيتي","والقلب مال والبعد طال وأنا جاي أصلح غلطتي\nوأنا آسف","أنا آسف على كل دقيقة أو لحظة مامشيتش معاك","أنا آسف على كل مسافة وخطوة ماكانتش وراك","عشت حياتي في جو الخدمة وبقيت واحد م القيادات","كان شكلي باخدم والواقع كان رغبة في تحقيق الذات\nوأنا آسف","كان تسبيحك مالي حياتي فرح ومجد وحب شديد","عمره ما كان كلمات محفوظة شكل وصنعة ولحن جديد","كان ترنيمي بيعلن مجدك يشهد عن حبك وحنانك","أحيانا دلوقتي بارنم علشان نفسي مش علشانك","والقلب مال والبعد طال وأنا جاي أصلح غلطتي\nوأنا آسف"]]},{"title":"آلو آلو آلو","verses":[["آلو آلو آلو آلو مين مين مين\nويايا على التليفون\nأنا انا أبو ست سنين بس كلامي ده ليه مضمون","صدق اللي يقول صدقني ومتصدقش اللي\nبيحلف اللي بيحلف ده بيداري عل خطاياه ويدور\nويلف","إفرح وإنت بتدي الرب في ايد الفقرا\nوما تكشرش بص في باقي فلوسك وانت هاتلقى جيوبك\nما بتنقصش","سلم على اللي يسلم واللي يمر عليك\nولا بيسلمش حب اللي يحبك وعدوك واللي لحبك ما\nبيقبلش","علم غيرك اللي عرفته وعشته وغير\nكده ما تعلمش تصبح زي الرب يسوع اللي في كلمته ما\nبيكترش"]]},{"title":"آمن بالرب يسوع","verses":[["آمن بالرب يسوع\nتخلص إنت وأهلك\nينور بيتك يفرح أولادك\nيبارك لك عمرك","مثل ما قال النبي يشوع\nأنا وكل أهل بيتي نعبد الرب\nلا فكر آخر يمنعني\nولا إبليس يقدر يغلبني\nآمن بالرب آمن بالرب\nآمن بالرب يسوع","إفتح بيتك وسع قلبك\nإجمع أحبابك وأصحابك وإعبدوا ربك\nصلوا ورنموا وهللوا\nوالكلمة إقروا وإتعزوا\nآمن بالرب آمن بالرب\nآمن بالرب يسوع"]]},{"title":"آمين تعال","verses":[["كان الروح والعروس ليهم بنفس الهتاف","وفي يوم عند الشرور سمعت صوت بيقول","وكان يسوع بينادي كي أقود حبايبي خلصت سنين الشوك","وده إشتياق عجيب ليوم الاختطاف\nآمين تعال","وفي يوم على السحاب يتجمعوا الأحباب","وتمت المواعيد في يوم مجيئة أكيد للي دخل م الباب"]]},{"title":"آمين تعال يا ربى المبارك","formated":true,"chorusFirst":true,"chorus":["آمين تعال يا ربي يسوع\nآمين تعال\nيا ربي يسوع"],"verses":[["آمين تعال يا ربي المبارك\nأشواقنا زادت لهذا اللقاء"],["أسرع تعال نحن في انتظارَك\nلا تبطئنَّ تمم الرجاء"],["تجي وتاخدنا ع السحاب نقابلك\nونشوف جمالك يا باهى الضياء"],["نسعد بشخصك ونشاهد بهاءك\nتفرح قلوبنا ويتم الهناء"]]},{"title":"آن أوان","formated":true,"chorus":["اتي اليك طالبا غمري بروحك الغني الان في هذا المكان الان في هذا المكان","ومن هنا لن اذهب الا اذا استجبت لي\nوهكذا انطلق بقوة يا سيدي\nمنتعشا طول الزمان"],"verses":[["ان اوان الانطلاق بانتصار اليوم يوم الانتصار الى متى احيا لك بلا حراك الى متى اخشى الغمار","سادخل العمق الى النهر الكبير مللت شاطىء الفتور"],["يا رب حررني الى التمام من قيود عالم الدمار كي روحك الفياض روح الانتعاش يملا قلبي بانهمار","وقوة من الاعالي اعطني جدد شبابي كالنسور"],["وعندما يحل روح الانتعاش ويلهب القلب بنار بالكرمة العظمى اكون كل حين غصنا تغطيه الثمار","تعود لي يا رب بهجة الخلاص يشع مني فيض نور"]]},{"title":"آن الأوان ترجعي","verses":[["مهما كان هتعدي بينا حتى لو وسط\nالبحور","يا يسوع إنت السفينة تعدي بينا لبر نور\nمصرنا راجعة إلينا بعد قسوة الانتظار","فجأة فجر الحر قرر الظلام يصبح نهار","فات عليها وجه باركها وقال\nمبارك شعبها","وبصلاتنا كان حارسها ولدموعها سمعها\nرافعين قلوبنا للسما ساندين على وعدك لها","تملاها بركة بشعبها تحمي بالدنا وأرضها","كلنا بنصرخ تعال وفي قلبنا مصدقين بالمحبة\nهتيجي تجمع بين قلوب المصريين"]]},{"title":"آه","verses":[["بدي أمشي معاك حتى بين الأشواك أسبح اسمك فش حياة بلاك","يا يسوع إسمع لآهاتي وبدمك اشفع لخطيتي","متت عشاني محيت أحزاني فتحت عيوني مسكت يميني","حتى وأنا خاطي سمعت صلاتي معاك نجاتي انت حياتي"]]},{"title":"آه ربي لو مكثت","verses":[["آه ربي لو مكثت في حياتي وصنعت منزلا","واتخذت مني بيتا هيكلا قدسا لك ولمست شفتي بحجرة من قدسك","ووضعت في لساني شكر قلبي نحوك"]]},{"title":"آه يا وجعى","verses":[["قد إيه قلبي وجعني لما أخدوا مني\nولدي","يا عدرا دا إنت أم يعني دقت همي ودمع خدي","آه يا وجعي يا مراري يا غلهي طفي ناري","مش باقول هاخد بتاري بس عدلك هو قصدي","نفسي بنتي لما تخرج تيجي تاني بالسلامة","وأبقى مش خايفة عليها م المشاكل والمخاطر","نفسي أي وشوش حزينة تلقى تاني الابتسامة","نفسي للعشرة اللي بيننا نبقى نعمل ألف خاطر","مد إيدك يا رجاي ياللي بيك كل الحماية","قول لهم إنك معاي أصلهم فاكريني وحدي","إيه اللي يمنع نبقى واحد رغم أي فروق في\nديننا","يالا إيدك ويا إيدي نحط للكراهية آخر","أنا إيريني وإنت فاطمة بس حب كبير ما بينا","افهموا دا الله محبة زي ما هو رحمان وغافر","قولوا للظالم كفاية ذنبهم إيه الضحايا"]]},{"title":"أ ب ت ث","verses":[["28 حرف أبجدية بدي أحفظهم قد ما في","أ ب ت ث ج ح خ","د ذ ر ز س ش ص ض","ط ظ ع غ ف ق ك ل م ن ه و ي 28 حرف أبجدية","الألف النهاية والياء النهاية من هيك يسوع قال أنا البداية والنهاية الألف\nوالياء"]]},{"title":"أ ب ياللا نقولها لحد ال ي","verses":[["أ ب أ ب يالا نقولها لحد ال ي","لما نرص حروفنا صحيح","تتكون كلمات تسبيح للرب يسوع المسيح","أ ب ت ث ج ح كل إثمي ده اتمحى","خ د ذ ر ز س اوعى في يوم تبقوا ناسيين","ش ص ض ط ظ ع هو حافظنا في نني العين","غ ف ق ك ل م ده بيغمرنا بحب عظيم","ن ه و ي يالا نعيد من أ ب"]]},{"title":"أؤمر بالحياة","formated":true,"chorus":["أشرق علينا\nبإيدك داوينا\nأستر ماضينا\nفي دم المجروح","شدد إيدينا\nإرفع عينينا\nوالنصرة لينا\nبقوة الروح"],"verses":[["أأمر بالحياة\nللقلب اللي مات\nحتى الذكريات\nنسينا واشفينا","قادر م العظام\nمن كوم الحطام\nتخلق جيش لمجدك\nأنفخ روحك فينا"],["عشنا لروحنا\nوزادت جروحنا\nراجعين لك سامحنا\nوف قلبك إقبلنا","دا اللي فات كفاية\nعيشناه للنفاية\nإكشف الخبايا\nقدسنا وطهرنا"],["رجانا في إيدك\nوف قوة صليبك\nنادينا نيجي لك\nع المية تمشينا","نتغير لصورتك\nونفرح في قربك\nولو يوم ضعفنا\nمن تاني تقوينا"]]},{"title":"أؤمن بدم يسوع المسيح","formated":true,"chorusFirst":true,"chorus":["أؤمن بدم يسوع المسيح\nأؤمن بمن فداني على الصليب\nأؤمن بعمله الإلهي\nأؤمن بموته على الصليب"],"verses":[["هو الذي حررني\nهو الذي طهرني\nأؤمن به مخلصي\nأؤمن بالرب يسوع المسيح"],["أكرس النفس له\nأسلمه إرادتي\nليصنع مشيئته\nليضمن راحتي"]]},{"title":"أؤمن يا سيد","formated":true,"chorusFirst":true,"chorus":["أومن يا سيد فأعني\nعدم إيماني بيتعبني\nباطلب سلامك يملاني\nارحمني واسند إيماني"],"verses":[["دا كل أمر في سلطانك\nوالكل مكشوف قدامك\nمين يا ترى يمنع يدك\nومين يقول بعد كلامك","وكل شيء للخير تعمل\nم اللعنه للبركه تحول\nأبص ليه على غير شخصك\nهاجي لك انت من الأول"],["قدام عيوبي وضعف الحب\nقدام فسادي وكتر الحرب\nقدام محبه غريبه يا رب\nجاي لك وباسكب كل القلب","دي لمسه من إيدك تكفي\nوكلمه ترسلها بتشفي\nونظره حلوه من عينك\nقوام بترفعني في ضعفي"],["هاعيش وعودك مالياني\nونور حضورك في كياني\nوافضل مثبت عيني عليك\nما هو انت مصدر إيماني","برحمتك ربي اذكرني\nطريق كلامك علمني\nدربني يا إلهي في حقك\nعن كل باطل حولني"]]},{"title":"أب مات","verses":[["معقول أنا محبوب كده بجد حب مش عادي","دا كتير علي إني أكون غالي قوي للدرجة دي","في أب مات علشان يعيش ابنه\nفي هنا\nبدد مخاوفه المؤلمة وبيها اعتنى","حبه عجيب ومين هيقدر يوصفه\nالأب دا يبقى المسيح والابن أنا","ملك وساب ملكه علشان ابنه الوحيد\nعاش فقير بس بغناه ابنه اغتنى","وبان ضعيف مع إن سلطانه أكيد\nالملك يبقى المسيح والابن أنا"]]},{"title":"أبارك إسم يسوع","formated":true,"verses":[["أبارك اسم يسوع\nاسم العظائم اسم الأسماء\n(يسوع)4\nألف البدايات إلى الآباد"],["بالأفراح لاسم يسوع\nبكل قوة إلى الآباد\n(يسوع)4\nبارفع تمجيدي إلى الآباد"],["جند السماء لاسم يسوع\nيباركون ويسبحون\n(يسوع)4\nجالس في العرش إلى الآباد"],["دهن مهراق اسم يسوع\nطيب الأطياب لمجد الآب\n(يسوع)4\nدهش الأقداس إلى الآباد"],["هللويا لاسم يسوع\nأوفي نذوري يوما فيوما\n(يسوع)4\nهو التهليل إلى الآباد"],["وحد قلبي لاسم يسوع\nلخوفه ولهيبته\n(يسوع)4\nوطن الأتقياء إلى الآباد"],["زيدوه علوا اسم يسوع\nفللعلي يحلو الترنم\n(يسوع)4\nزينة الأعالي إلى الآباد"],["حدثوا دوما باسم يسوع\nحمدوه بين الشعوب\n(يسوع)4\nحقه دوما إلى الآباد"],["طوبى لعارفي اسم يسوع\nيتكلون دوما عليه\n(يسوع)4\nضماننا إلى الآباد"],["يهوه خلاصي اسم يسوع\nكل ما في يبارك\n(يسوع)4\nيهوه ترنيمتي إلى الآباد"],["كرامة لاسم يسوع\nفي عرش الله وسط الكنيسة\n(يسوع)4\nكلي المجد إلى الآباد"],["لا مثل له اسم يسوع\nفي الجبروت بين الأسماء\n(يسوع)4\nليتبارك إلى الآباد"],["ما أمجد اسم يسوع\nفي كل الأرض وفي السماء\n(يسوع)4\nمجد الأمجاد إلى الآباد"],["نار هو اسم يسوع\nعلى الشيطان وعلى الأعداء\n(يسوع)4\nنور ونار إلى الاباد"],["سيعرف اسم يسوع\nقدام الشمس في كل الأرض\n(يسوع)4\nسبح التسبيح إلى الآباد"],["عجيب هو اسم يسوع\nوعظيم جدا في القدرة\n(يسوع)4\nعلم الأعلام إلى الآباد"],["فوق الأسماء اسم يسوع\nفوق الجميع فوق السماء\n(يسوع)4\nفهو العلي إلى الآباد"],["صخرتي هو اسم يسوع\nبرج حصين وهو سلاحي\n(يسوع)4\nصخرة خلاصي إلى الآباد"],["قلبي ولحمي لاسم يسوع\nهما يهتفان ويسبحان\n(يسوع)4\nقدوس الله إلى الآباد"],["ربوات ربوات لاسم يسوع\nوألوف ألوف يمجدون\n(يسوع)4\nرب الأرباب إلى الآباد"],["شفتاي تسبح اسم يسوع\nشكرا أقدم شهادتي\n(يسوع)4\nشهد الشفاه إلى الاباد"],["تاج البهاء اسم يسوع\nتجثو له كل الخلائق\n(يسوع)4\nتقديسنا إلى الآباد"]]},{"title":"أبارك الرب","verses":[["أبارك الرب في كل حين أبارك الرب في كل حين","دائما دائما تسبيحه في فمي مزمور أربعة وتلاتين واحد"]]},{"title":"أبارك الرب راعي","verses":[["إن كان الرب معنا من يكون علينا\nاشكروا ربنا للأبد حبه\nوليملأ فرحه حياتكم كل حين","أبارك الرب راعي معه لا ينقصي شيء\nفي المراعي الخضراء هو يقودني","باركوا الرب في كل حين يعرف اشتياقات قلبي\nامكثوا دائما فيه","معه لا أخاف أي سوء ولو في وادي ظلال\nالموت","عصاه يعزيني هو بجاني\nفي الصعاب نظروا نحوه اطلبوا إرشاد روحه"]]},{"title":"أبانا القدوس","verses":[["لا لشيء فينا ولا بالأعمال ولكن\nبروحك في وسطنا تعال\nنحن ندعوك هيا املأ المكان الآن بروحك يا\nصاحب السلطان","أبانا القدوس إلهنا العظيم\nنسجد ونركع لك خاضعين\nنطلب حضورك تعال بروحك مجدك ونورك نحن\nطالبين","فاحص القلوب وفاهم الأفكار يا أيها القدير\nإلهنا الجبار\nقدس قلوبنا واطلقنا أحرار فنعطيك المجد ليلا\nونهار"]]},{"title":"أبانا في السموات","formated":true,"verses":[["أبانا في السمواتِ تقدسَ اسمكَ الأرفعْ وملكوتٌ لك يأتي وما شئتَ يكنْ أجمعْ"],["وأعطِ خبزنا اليومي كفافاً واغفر الإثما كما نحن لمن أخطا إلينا نغفر الجرما"],["ولا تدخلْ لنا نفساً بتجريبٍ فيفنينا ولكن نجنا دوماً من الشرير مطغينا"],["لأن الملكَ والقوا ت والمجد لبارينا من الآنَ إلى الدهر ودهرِ الدهرِ آميناً"]]},{"title":"أبانا قد خارت قوانا","formated":true,"chorus":["ها أنا صانع أمرًا جديدًا\nالآن ينبت\nأخلق فيكم شعبًا لنفسي\nفي حقي يثبت","ها أنا جاعل في القفر ماءً\nوأسقي شعبي\nفيعلو صوت الصبح\nوصوت اليأس يصمت"],"verses":[["أبانا قد خارت قوانا\nوشبعنا ذلًا وهوانًا\nلكن عيوننا نحو الجبال\nمن حيث عون منك أتانا"],["تعبنا الليل والصيد فقير\nبذلنا الجهد والفشل مرير\nلكن قل كلمة نُلقي عليها الشباك\nفتأتي بخير وفير"],["في انتظار الفجر ساهرين\nنرقب الصبح صابرين\nفيا شمس البر أشرق علينا\nبنورك تسري الحياة فينا"]]},{"title":"أبانا كم نحن نحبك","verses":[["ابانا كم نحن نحبك\nنرفعك فوق الكل\nليعلن تسبيحنا عن ملكوتك\nاذ نشدو ما أعظم أعمالك","مباركٌ الربُّ إلهنا\nالكائن والذي يأتي\nمباركٌ الرب إلهنا\nمليكٌ أبدي","(نرفعك فوق الكل)2\nنرفعك عاليا فوق الكل\nنرفعك فوق الكل"]]},{"title":"أبانا نتضع أمامك","verses":[["أبانا نتضع أمامك أبانا اكسر قلوبنا","بحقك حرر شعبك املأنا بالمزيد","من حق من روح حقك من حقك من نور حقك","تعال تعال الآن","بروحك القدوس تعال تعال الآن","أبانا أبرئ أرضك بخيرك بارك شعبك","أمطارك أنهارك مياهك مياه الحياة ارونا","تعال تعال تعال تعال تعال بحقك","حرر نفوسنا املأنا بالمزيد من نورك"]]},{"title":"أبانا نرفع إسمك الكريم","formated":true,"chorus":["ترنيم الطيور يحكي حبك\nترفع الصخور صوت سبحك\nشكرا لك حمدا لك\nهللويا"],"verses":[["أبانا نرفع اسمك الكريم\nأبانا نحمد حبك العظيم\nأنت ربنا ونشيد حمدنا\nنهتف لك"],["نسبح اسمك ليلا ونهار\nأنت إلهنا قدوسٌ وبارّ\nنحمد اسمك ونعلي شخصك\nنهتف لك"]]},

